,ip,user,passwd,datetime,type
0,192.168.1.50,user50,secure456,2025-05-19 19:57,email
1,192.168.1.49,user49,random321,2025-05-19 19:56,facebook
2,192.168.1.48,user48,trial654,2025-05-19 19:55,facebook
3,192.168.1.47,user47,test987,2025-05-19 19:54,email
4,192.168.1.46,user46,hello432,2025-05-19 19:53,facebook
5,192.168.1.45,user45,safe999,2025-05-19 19:52,facebook
6,192.168.1.44,user44,mypass321,2025-05-19 19:51,email
7,192.168.1.43,user43,zxcvbn098,2025-05-19 19:50,facebook
8,192.168.1.42,user42,pass654,2025-05-19 19:49,facebook
9,192.168.1.41,user41,abc123,2025-05-19 19:48,email
10,192.168.1.40,user40,qwerty987,2025-05-19 19:47,facebook
11,192.168.1.39,user39,password789,2025-05-19 19:46,facebook
12,192.168.1.38,user38,secure456,2025-05-19 19:45,email
13,192.168.1.37,user37,random321,2025-05-19 19:44,facebook
14,192.168.1.36,user36,trial654,2025-05-19 19:43,facebook
15,192.168.1.35,user35,test987,2025-05-19 19:42,email
16,192.168.1.34,user34,hello432,2025-05-19 19:41,facebook
17,192.168.1.33,user33,safe999,2025-05-19 19:40,facebook
18,192.168.1.32,user32,mypass321,2025-05-19 19:39,email
19,192.168.1.31,user31,zxcvbn098,2025-05-19 19:38,facebook
20,192.168.1.30,user30,pass654,2025-05-19 19:37,facebook
21,192.168.1.29,user29,abc123,2025-05-19 19:36,email
22,192.168.1.28,user28,qwerty987,2025-05-19 19:35,facebook
23,192.168.1.27,user27,password789,2025-05-19 19:34,facebook
24,192.168.1.26,user26,secure456,2025-05-19 19:33,email
25,192.168.1.25,user25,random321,2025-05-19 19:32,facebook
26,192.168.1.24,user24,trial654,2025-05-19 19:31,facebook
27,192.168.1.23,user23,test987,2025-05-19 19:30,email
28,192.168.1.22,user22,hello432,2025-05-19 19:29,facebook
29,192.168.1.21,user21,safe999,2025-05-19 19:28,facebook
30,192.168.1.20,user20,mypass321,2025-05-19 19:27,email
31,192.168.1.19,user19,zxcvbn098,2025-05-19 19:26,facebook
32,192.168.1.18,user18,pass654,2025-05-19 19:25,facebook
33,192.168.1.17,user17,abc123,2025-05-19 19:24,email
34,192.168.1.16,user16,qwerty987,2025-05-19 19:23,facebook
35,192.168.1.15,user15,password789,2025-05-19 19:22,facebook
36,192.168.1.14,user14,secure456,2025-05-19 19:21,email
37,192.168.1.13,user13,random321,2025-05-19 19:20,facebook
38,192.168.1.12,user12,trial654,2025-05-19 19:19,facebook
39,192.168.1.11,user11,test987,2025-05-19 19:18,email
40,192.168.1.10,user10,hello432,2025-05-19 19:17,facebook
41,192.168.1.9,user9,safe999,2025-05-19 19:16,facebook
42,192.168.1.8,user8,mypass321,2025-05-19 19:15,email
43,192.168.1.7,user7,zxcvbn098,2025-05-19 19:14,facebook
44,192.168.1.6,user6,pass654,2025-05-19 19:13,facebook
45,192.168.1.5,user5,abc123,2025-05-19 19:12,email
46,192.168.1.4,user4,qwerty987,2025-05-19 19:11,facebook
47,192.168.1.3,user3,password789,2025-05-19 19:10,facebook
49,192.168.1.2,user2,secure456,2025-05-19 19:09,email
48,192.168.1.1,user1,pass123,2025-05-19 19:08,facebook
